Timestamp,Username,State,Trigger_Name,Duration(Seconds)
2026-10-09 15:03:12,Farrel_Log,Standing,Zona Duduk [Kursi],1.0
2026-10-09 15:03:13,Farrel_Log,Standing,Zona Duduk [Kursi],2.0
2026-10-09 15:03:14,Farrel_Log,Standing,Zona Duduk [Kursi],3.0
2026-10-09 15:03:15,Farrel_Log,Standing,Zona Duduk [Kursi],4.0
2026-10-09 15:03:16,Farrel_Log,Standing,Zona Duduk [Kursi],5.0
2026-10-09 15:03:24,Farrel_Log,Standing,Zona Duduk [Kursi],1.0
2026-10-09 15:03:25,Farrel_Log,Standing,Zona Duduk [Kursi],2.0
2026-10-09 15:03:26,Farrel_Log,Standing,Zona Duduk [Kursi],3.0
2026-10-09 15:03:27,Farrel_Log,Standing,Zona Duduk [Kursi],4.0
2026-10-09 15:03:28,Farrel_Log,Standing,Zona Duduk [Kursi],5.0
2026-10-09 15:03:29,Farrel_Log,Standing,Zona Duduk [Kursi],6.0
2026-10-09 15:03:30,Farrel_Log,Standing,Zona Duduk [Kursi],7.0
2026-10-09 15:03:53,Farrel_Log,Standing,Zona Duduk [Kursi],1.0
2026-10-09 15:03:54,Farrel_Log,Standing,Zona Duduk [Kursi],2.0
2026-10-09 15:03:55,Farrel_Log,Standing,Zona Duduk [Kursi],3.0
2026-10-09 15:04:02,Farrel_Log,Standing,Zona Duduk [Kursi],1.0
2026-10-09 15:04:03,Farrel_Log,Standing,Zona Duduk [Kursi],2.0
2026-10-09 15:04:04,Farrel_Log,Standing,Zona Duduk [Kursi],3.0
2026-10-09 15:04:05,Farrel_Log,Standing,Zona Duduk [Kursi],4.0
2026-10-09 15:04:06,Farrel_Log,Standing,Zona Duduk [Kursi],5.0
2026-10-09 15:04:11,Farrel_Log,Standing,Zona Duduk [Kursi],1.0
2026-10-09 15:04:12,Farrel_Log,Standing,Zona Duduk [Kursi],2.0
2026-10-09 15:04:16,Farrel_Log,Standing,Zona Duduk [Kursi],1.0
2026-10-09 15:04:17,Farrel_Log,Standing,Zona Duduk [Kursi],2.0
2026-10-09 15:04:22,Farrel_Log,Standing,Zona Duduk [Kursi],1.0
2026-10-09 15:04:23,Farrel_Log,Standing,Zona Duduk [Kursi],2.0
2026-10-09 15:04:24,Farrel_Log,Standing,Zona Duduk [Kursi],3.0
2026-10-09 15:04:25,Farrel_Log,Standing,Zona Duduk [Kursi],4.0
2026-10-09 15:04:26,Farrel_Log,Standing,Zona Duduk [Kursi],5.0
2026-10-09 15:04:27,Farrel_Log,Standing,Zona Duduk [Kursi],6.0
2026-10-09 15:04:28,Farrel_Log,Standing,Zona Duduk [Kursi],7.0
2026-10-09 15:04:29,Farrel_Log,Standing,Zona Duduk [Kursi],8.0
2026-10-09 15:04:30,Farrel_Log,Standing,Zona Duduk [Kursi],9.0
2026-10-09 15:04:31,Farrel_Log,Standing,Zona Duduk [Kursi],10.0
2026-10-09 15:04:32,Farrel_Log,Standing,Zona Duduk [Kursi],11.0
2026-10-09 15:04:33,Farrel_Log,Standing,Zona Duduk [Kursi],12.0
2026-10-09 15:04:34,Farrel_Log,Standing,Zona Duduk [Kursi],13.0
2026-10-09 15:04:35,Farrel_Log,Standing,Zona Duduk [Kursi],14.0
2026-10-09 15:04:36,Farrel_Log,Standing,Zona Duduk [Kursi],15.0
2026-10-09 15:04:37,Farrel_Log,Standing,Zona Duduk [Kursi],16.0
2026-10-09 15:04:38,Farrel_Log,Standing,Zona Duduk [Kursi],17.0
2026-10-09 15:04:39,Farrel_Log,Standing,Zona Duduk [Kursi],18.0
2026-10-09 15:04:40,Farrel_Log,Standing,Zona Duduk [Kursi],19.0
2026-10-09 15:04:41,Farrel_Log,Standing,Zona Duduk [Kursi],20.0
2026-10-09 15:04:42,Farrel_Log,Standing,Zona Duduk [Kursi],21.0
2026-10-09 15:04:43,Farrel_Log,Standing,Zona Duduk [Kursi],22.0
2026-10-09 15:04:44,Farrel_Log,Standing,Zona Duduk [Kursi],23.0
2026-10-09 15:04:45,Farrel_Log,Standing,Zona Duduk [Kursi],24.0
2026-10-09 15:04:46,Farrel_Log,Standing,Zona Duduk [Kursi],25.0
2026-10-09 15:04:47,Farrel_Log,Standing,Zona Duduk [Kursi],26.0
2026-10-09 15:04:48,Farrel_Log,Standing,Zona Duduk [Kursi],27.0
2026-10-09 15:04:49,Farrel_Log,Standing,Zona Duduk [Kursi],28.0
2026-10-09 15:10:10,Farrel_Log,Standing,Tunggku Trigger [Tunggku ],1.0
2026-10-09 15:10:11,Farrel_Log,Standing,Tunggku Trigger [Tunggku ],2.0
2026-10-09 15:10:12,Farrel_Log,Standing,Tunggku Trigger [Tunggku ],3.0
2026-10-09 15:10:13,Farrel_Log,Standing,Tunggku Trigger [Tunggku ],4.0
2026-10-09 15:10:14,Farrel_Log,Standing,Tunggku Trigger [Tunggku ],5.0
2026-10-09 15:10:15,Farrel_Log,Standing,Tunggku Trigger [Tunggku ],6.0
2026-10-09 15:10:16,Farrel_Log,Standing,Tunggku Trigger [Tunggku ],7.0
2026-10-09 15:10:17,Farrel_Log,Standing,Tunggku Trigger [Tunggku ],8.0
2026-10-09 15:10:19,Farrel_Log,Standing,Storage Kiri [Storage Kiri],1.0
2026-10-09 15:10:20,Farrel_Log,Standing,Storage Kiri [Storage Kiri],2.0
2026-10-09 15:10:21,Farrel_Log,Standing,Storage Kiri [Storage Kiri],3.0
2026-10-09 15:10:22,Farrel_Log,Standing,Storage Kiri [Storage Kiri],4.0
2026-10-09 15:10:43,Farrel_Log,Standing,Tunggku Trigger [Tunggku ],1.0
2026-10-09 15:10:44,Farrel_Log,Standing,Tunggku Trigger [Tunggku ],2.0
2026-10-09 15:10:45,Farrel_Log,Standing,Tunggku Trigger [Tunggku ],3.0
2026-10-09 15:10:46,Farrel_Log,Standing,Tunggku Trigger [Tunggku ],4.0
2026-10-09 15:10:47,Farrel_Log,Standing,Tunggku Trigger [Tunggku ],5.0
2026-10-09 15:10:48,Farrel_Log,Standing,Tunggku Trigger [Tunggku ],6.0
2026-10-09 15:10:49,Farrel_Log,Standing,Tunggku Trigger [Tunggku ],7.0
2026-10-09 15:10:50,Farrel_Log,Standing,Tunggku Trigger [Tunggku ],8.0
2026-10-09 15:10:51,Farrel_Log,Standing,Tunggku Trigger [Tunggku ],9.0
2026-10-09 15:10:52,Farrel_Log,Standing,Tunggku Trigger [Tunggku ],10.0
2026-10-09 15:10:53,Farrel_Log,Standing,Tunggku Trigger [Tunggku ],11.0
2026-10-09 15:11:12,Farrel_Log,Standing,Tunggku Trigger [Tunggku ],1.0
