Username,State,Trigger_Name,Duration(Seconds)
ngab,Sitting,not cube,10.0
ngab,Sitting,just cube,10.0
ngab,Standing,just cube,11.0
ngab,Standing,just cube,12.0
ngab,Standing,just cube,13.0
ngab,Standing,just cube,14.0
ngab,Standing,just cube,15.0
ngab,Standing,just cube,16.0
ngab,Sitting,just cube,17.0
ngab,Sitting,just cube,18.0
ngab,Standing,just cube,19.0
ngab,Standing,just cube,20.0
ngab,Standing,just cube,21.0
ngab,Standing,just cube,22.0
ngab,Standing,just cube,23.0
ngab,Standing,just cube,24.0
ngab,Standing,just cube,25.0
ngab,Standing,not cube,1.0
ngab,Standing,just cube,26.0
ngab,Standing,not cube,2.0
ngab,Standing,just cube,27.0
ngab,Sitting,not cube,3.0
ngab,Sitting,just cube,28.0
ngab,Sitting,just cube,29.0
ngab,Sitting,just cube,30.0
ngab,Sitting,not cube,1.0
ngab,Standing,just cube,31.0
ngab,Sitting,not cube,2.0
ngab,Sitting,just cube,32.0
ngab,Sitting,not cube,3.0
ngab,Sitting,just cube,33.0
ngab,Sitting,not cube,4.0
ngab,Sitting,just cube,34.0
ngab,Sitting,not cube,5.0
ngab,Standing,just cube,35.0
ngab,Sitting,just cube,36.0
ngab,Standing,just cube,37.0
ngab,Standing,just cube,38.0
ngab,Sitting,just cube,39.0
ngab,Sitting,not cube,1.0
ngab,Sitting,not cube,2.0
