Username,State,Duration(Seconds)
kentut,Sitting,1.0
kentut,Standing,2.0
kentut,Standing,3.0
kentut,Sitting,4.0
kentut,Sitting,5.0
kentut,Standing,6.0
kentut,Standing,7.0
kentut,Standing,8.0
kentut,Standing,9.0
kentut,Sitting,10.0
kentut,Sitting,1.0
test,Sitting,5.0
test,Sitting,6.0
test,Sitting,7.0
test,Standing,8.0
test,Standing,9.0
test,Sitting,10.0
test,Standing,11.0
test,Sitting,12.0
test,Standing,13.0
test,Standing,14.0
test,Sitting,15.0
test,Standing,16.0
test,Sitting,17.0
test,Standing,18.0
test 2,Standing,11.0
test 2,Sitting,12.0
test 2,Standing,13.0
test 2,Standing,14.0
test 2,Sitting,15.0
test 2,Standing,16.0
test 2,Sitting,17.0
test 2,Standing,18.0
test 2,Standing,19.0
test 2,Sitting,20.0
test 2,Sitting,21.0
test 2,Standing,22.0
test 2,Standing,23.0
test 2,Sitting,24.0
test 2,Standing,25.0
test 2,Standing,26.0
test 2,Standing,27.0
test 2,Sitting,28.0
test 2,Standing,29.0
test 2,Standing,30.0
test 2,Sitting,31.0
